ticker,pred_raw,pred_sector_neutral,baseline_mom_12_1
A,-0.009465189211558036,-0.008573207509549307,0.06907927152657535
AAPL,0.019024599460650528,0.02738814507805707,0.5108000473689014
ABBV,0.007046959214554274,0.007938940916563003,0.23635544374876427
ABNB,-0.04811783134294853,-0.04627869481586319,0.16506301911267215
ABT,-0.044930112778383394,-0.044038131076374665,-1.075299013087603
ACGL,0.018102334643354208,0.023748198295515055,-0.03067870514413826
ACN,-0.052744002318545126,-0.04438045670113858,-1.6174963891710892
ADBE,-0.06251455986234752,-0.05415101424494098,-1.2798961010560965
ADI,0.025457480486478074,0.03382102610388462,1.022893894024492
ADM,0.004417593853905069,0.0032121064009159647,0.5023784053827064
ADP,-0.048819576320182356,-0.05434285810375677,-0.785984022039745
ADSK,-0.06128439992605529,-0.05292085430864875,-1.1109396571964871
AEE,0.012216275143382789,0.0015556389620115553,-0.034838491362480815
AEP,0.02173903492376165,0.011078398742390418,0.14699378385698794
AES,0.01626378802730222,0.005603151845930987,0.07971581499823892
AFL,0.011311789010770538,0.016957652662931384,0.1259740557706312
AIG,0.004429746318014983,0.01007560997017583,-0.19662492911159168
AIZ,0.005285186777594815,0.010931050429755661,0.4526957173492261
AJG,-0.01900211778884649,-0.013356254136685643,-0.6145925640908977
AKAM,0.0141677754936501,0.022531321111056643,0.8786209374611882
ALB,0.05012563868328006,0.04702866795061844,1.0565627856080086
ALGN,0.03120301199766404,0.032094993699672766,0.2650717618516995
ALL,-0.017029282692694842,-0.011383419040533995,0.19073301452010735
ALLE,-0.022008634439372798,-0.027531916222947213,-0.7256037032105891
AMAT,0.04305883655149811,0.05142238216890465,2.432109693555411
AMCR,-0.011249973415184333,-0.014346944147845953,-0.5121530136211841
AMD,0.010134599341613374,0.01849814495901992,2.377423833947395
AME,0.00643559846131176,0.000912316677737347,0.26301673174487705
AMGN,0.0011227015843183748,0.002014683286327103,0.30324651426602944
AMP,-0.006616035878017562,-0.0009701722258567153,-0.26568302499027396
AMT,-0.01825604576239311,-0.016566205498030586,-0.7455738200248054
AMZN,-0.03243961627960926,-0.03060047975252392,-0.10842819147742204
ANET,-0.011349217806027564,-0.00298567218862102,0.3510376671439868
AON,-0.004121938718640806,0.0015239249335200402,-0.37249388249925824
AOS,0.005553505225686522,3.0223442112108437e-05,-0.6485437490838688
APA,-0.02523417562215249,-0.025304963263326537,0.9826074879058471
APD,-0.003818909750187505,-0.0069158804828491245,-0.1804570809311051
APH,0.0045677735921769835,0.012931319209583528,0.568556771543874
APO,-0.02159338839082999,-0.015947524738669144,-0.6570801437810454
APP,0.054683424871796504,0.05584106563931918,0.01332559996555775
APTV,0.057637656769144854,0.05947679329623019,-0.5176741128301108
ARE,-0.03431687506203976,-0.032627034797677236,-1.2107309064386438
ARES,-0.06069446719574858,-0.05504860354358773,-1.2299454279742108
ATO,0.012367787686958637,0.001707151505587404,-0.0927908853069062
AVB,0.002763162623301334,0.004453002887663857,-0.19363035514486687
AVGO,-0.011619899761726797,-0.003256354144320253,0.3235032659877923
AVY,-0.005113096455964086,-0.008210067188625707,-0.4048447221378109
AWK,-0.018093136373258083,-0.02875377255462932,-0.4971466834609476
AXON,-0.08939341434599556,-0.09491669612956997,-1.3203349181041049
AXP,0.02371640820987718,0.029362271862038027,0.09716893685997785
AZO,-0.010344268568156309,-0.008505132041070973,-0.9688242200585305
BA,0.0020068701284727095,-0.003516411655101704,-0.37868317572394017
BAC,0.006105526000778516,0.011751389652939363,0.3765706901407537
BALL,0.0184767106141863,0.01537973988152468,0.011340870526406406
BAX,-0.046916832350522394,-0.046024850648513665,-0.3991106281459091
BBY,0.0013515838396950105,0.003190720366780346,0.26682548985262816
BDX,-0.019655534743260757,-0.01876355304125203,-0.20356684551929227
BEN,0.0016428296113059795,0.007288693263466825,0.4795100180155316
BF-B,-0.011812818155918677,-0.013018305608907781,-0.6391176724125119
BG,0.02875449778077103,0.02754901032778193,0.4812358386803164
BIIB,0.031601146708604616,0.032493128410613345,0.6954898726713741
BKNG,-0.05098444607044682,-0.04914530954336148,-0.7617606206833406
BKR,0.0027032947991108927,0.002632507157936844,0.37512388789372764
BLDR,0.006095948757192855,0.0005726669736184414,-1.59476231457363
BLK,-0.018405667239212685,-0.012759803587051838,-0.4436965490850864
BMY,0.006957385425600217,0.007849367127608945,0.3303540497839446
BNY,0.00022268708736884518,0.005868550739529691,0.6163694970355922
BR,-0.07081773590076244,-0.07634101768433686,-1.6426114286910787
BRK-B,-0.0015218067878621168,0.004124056864298729,-0.1714330489457151
BRO,-0.034714623669552885,-0.029068760017392038,-1.026848387530764
BSX,-0.053211439585340636,-0.05231945788333191,-2.2447920291837513
BX,-0.05796842938508331,-0.05232256573292246,-0.970116588296049
BXP,-0.005166832213542363,-0.0034769919491798407,-0.18731329194537302
C,0.028191296592268232,0.03383716024442908,0.7087665755813467
CAH,0.03271466031115693,0.03360664201316566,0.6868150046931386
CARR,0.011709498746491794,0.006186216962917381,-0.19890681410064012
CASY,0.004669319273521969,0.0034638318205328644,0.7353858949487433
CAT,0.05466277760709247,0.04913949582351806,1.590725891213564
CB,0.017128809380547807,0.022774673032708654,0.276206048091507
CBOE,-0.011620124028192328,-0.0059742603760314815,-0.1511260612733729
CBRE,0.006038300038151366,0.007728140302513889,-0.5595582945007223
CCI,-0.01006459352028514,-0.008374753255922617,-0.8811743630969632
CCL,0.01125664711754592,0.013095783644631256,-0.48216751010490455
CDNS,-0.0008854477942177322,0.007478097823188812,-0.1407464523878912
CDW,0.0007842135261398765,0.009147759143546421,-0.5461730755609452
CEG,-0.046779643277800105,-0.05744027945917134,-0.9858525178183087
CF,-0.009074998111274027,-0.012171968843935647,0.5140664152350722
CFG,0.025164098168865504,0.03080996182102635,0.6726148338904911
CHD,-0.0016192795382317022,-0.002824766991220806,-0.20606582615426652
CHRW,0.09412148114803268,0.08859819936445826,0.8516839194017553
CHTR,-0.04037451253348168,-0.039216871765959,-1.8994567129393478
CI,0.019786299828365304,0.020678281530374033,-0.09312740077662587
CIEN,0.08257617961576452,0.09093972523317106,3.304738180759614
CINF,0.016599254131048725,0.022245117783209572,0.11224362299875078
CL,0.010235263240677651,0.009029775787688547,-0.08712167534411888
CLX,-0.01914732975906821,-0.02035281721205731,-0.8397218628965123
CMCSA,-0.003527933181015399,-0.002370292413492723,-0.7489222365016873
CME,-0.009422252936852869,-0.0037763892846920223,-0.5992565476647261
CMG,0.01218872854624627,0.014027865073331605,-0.7679486146342915
CMI,0.039171185230634245,0.03364790344705983,1.0082058672635246
CMS,0.014206210509261128,0.003545574327889895,-0.23104909797091444
CNC,0.01601272415199129,0.01690470585400002,1.9314396598604167
CNP,0.017551165519355427,0.006890529337984194,-0.014407097581241264
COF,-0.010904700817462903,-0.0052588371653020565,-0.35830102924555624
COHR,0.03628372946639575,0.04464727508380229,2.085701525717146
COIN,-0.05978624362033312,-0.054140379968172274,-1.8693555238583603
COO,0.0035644084811185194,0.004456390183127248,-0.27756472690667183
COP,-0.013535109407653031,-0.01360589704882708,0.12449231636600006
COR,0.009595535660392503,0.010487517362401232,-0.11129334732175103
COST,-0.005039868508385912,-0.006245355961375016,-0.46611000760476345
CPAY,-0.009652166665703236,-0.0040063030135423896,0.017580722021004972
CPRT,-0.028387261927995313,-0.03391054371156973,-1.5155038252389417
CPT,0.007833667305558211,0.009523507569920734,-0.10952416293084004
CRH,0.02369735533312669,0.02060038460046507,-0.3585898990166192
CRL,-0.021317000385045092,-0.020425018683036363,0.6946746235285978
CRM,-0.06121624977538264,-0.0528527041579761,-1.2024100195055092
CRWD,-0.06631486741613148,-0.057951321798724933,0.9771154292112494
CSCO,0.002346660203884914,0.010710205821291459,0.9897872772315001
CSGP,-0.08179081512728585,-0.08010097486292334,-3.116685425710209
CSX,0.0020221176480993727,-0.0035011641354750407,0.4830054339882894
CTAS,-0.03233081667592168,-0.03785409845949609,-0.8072462913675246
CTSH,-0.048419169002017336,-0.04005562338461079,-1.3949980137967268
CTVA,0.018344876060282123,0.015247905327620503,0.12645846993880036
CVNA,-0.013046348376310057,-0.011207211849224722,-0.5188271426273169
CVS,0.02085225035469239,0.021744232056701118,0.8673419626641464
CVX,-0.005691311607509095,-0.005762099248683144,0.09286631306489646
D,0.009231040857004108,-0.0014295953243671257,0.06436229029189422
DAL,0.020014040629681807,0.014490758846107394,0.8225391993411991
DASH,-0.0599928164327523,-0.05815367990566696,-1.1226501590037186
DD,0.027424255181715627,0.02190097339814121,0.6700562586181662
DDOG,-0.049910222053922114,-0.04154667643651557,1.1370597243735017
DE,0.0049919205466359235,-0.0005313612369384898,0.04020816350505564
DECK,0.027257471028929253,0.02909660755601459,-0.2360985731028633
DELL,-0.06261230783559193,-0.05424876221818539,2.4111073916069494
DG,0.01587508087314728,0.014669593420158175,-0.2160425552870371
DGX,-0.02097809599083499,-0.02008611428882626,0.11436122875835447
DHI,0.005332993483786741,0.007172130010872076,-0.34115499998513055
DHR,-0.0013059284585645679,-0.0004139467565558397,-0.3035344992079701
DIS,-0.01514679864906327,-0.013989157881540594,-0.6759895554361344
DLR,-0.010479693563562799,-0.008789853299200276,-0.1411421739467583
DLTR,0.0001736720168737624,-0.001031815436115342,-0.1794431059704576
DOC,-0.0017855699238963942,-9.572965953387165e-05,0.3808945004259977
DOV,0.027865818881102473,0.022342537097528058,0.18819394696883393
DOW,0.013318321319821313,0.010221350587159693,0.47021407662045855
DPZ,-0.03854662113330076,-0.036707484606215424,-1.1817377128170325
DRI,-0.0011732164010466784,0.0006659201260386569,-0.2820516161729364
DTE,0.013519360211114101,0.002858724029742868,-0.091937102944444
DUK,0.005793464962305564,-0.004867171219065669,-0.2560953350989236
DVA,0.03293146541085086,0.03382344711285959,1.0561004534137972
DVN,0.008775166239648672,0.008704378598474623,0.34300797177178854
DXCM,-0.03595834679459531,-0.03506636509258658,-0.3707686854375927
EBAY,0.0025279529545168904,0.004367089481602226,0.23455010388736924
ECHO,0.11594695622402053,0.1171045969915432,2.5646182569152125
ECL,0.002106622045579819,-0.000990348687081801,-0.2640991965476954
ED,0.012661322388448953,0.0020006862070777193,-0.12120422691851279
EFX,-0.03918518290043147,-0.04470846468400588,-1.1639545508721443
EG,-0.003066065700482778,0.0025797979516780684,-0.018851483606628222
EIX,0.026408606495758106,0.01574797031438687,0.5194835919374541
EL,-0.005874543747274836,-0.0070800312002639405,-0.5203482170184631
ELV,0.019119391049958533,0.020011372751967262,0.6054524597001365
EME,0.00784810408952879,0.002324822305954377,0.2196243642818522
EMR,-0.005835554469600619,-0.011358836253175034,-0.18722027782916387
EOG,-0.01777006117019653,-0.017840848811370578,0.06922011417691325
EQIX,0.001909985115597731,0.0035998253799602534,0.41397560748945705
EQR,0.009763515622415545,0.011453355886778068,-0.05852768570849614
EQT,-0.015243792786724828,-0.015314580427898877,-0.41717310624237375
ERIE,-0.020026506390613052,-0.014380642738452205,-1.0539580471613024
ES,0.012365993625607362,0.0017053574442361281,0.06745449145028033
ESS,0.006767050849768713,0.008456891114131235,0.06911810996594962
ETN,-0.012685722512450641,-0.018209004296025053,-0.02393014443926661
ETR,0.019064531654744102,0.008403895473372868,0.28321613521794925
EVRG,0.011490386847412845,0.0008297506660416114,0.12787717975312854
EW,-0.0007995764303538284,9.24052716548998e-05,0.060527528742203546
EXC,0.0074041770467834335,-0.0032564591345878,-0.1824716290626958
EXE,-0.01240916889977515,-0.012479956540949199,-0.5684948285484137
EXPD,0.020076776059761006,0.014553494276186593,0.5636398248523817
EXPE,-0.01470236310040709,-0.012863226573321755,0.5365582975631751
EXR,0.0003860117825039859,0.0020758520468665085,-0.1295625042948748
F,0.012212861349578346,0.014051997876663681,0.281385311627611
FANG,-0.005530125949713573,-0.005600913590887622,0.33509046177714097
FAST,-0.018586643715975956,-0.02410992549955037,-0.3385892990011409
FCX,0.006770088048049222,0.0036731173153876024,0.637838973635376
FDS,-0.09337639307242138,-0.08773052942026054,-1.319073275696606
FDX,0.03323593918996472,0.027712657406390305,0.9907826665019752
FE,0.009619536301212298,-0.0010410998801589355,-0.03292412880250757
FERG,-0.008514858079881319,-0.014038139863455732,-0.26431572548194116
FFIV,-0.0142109670871655,-0.005847421469758956,0.37557776928533343
FICO,0.029674493629728484,0.03803803924713503,-0.47441122956458737
FIS,-0.03414540832161148,-0.028499544669450635,-1.4333707348483855
FITB,0.025392295698062717,0.031038159350223565,0.501931133445911
FIX,0.03667213524832271,0.0311488534647483,1.814713978083805
FLEX,0.009304547893895542,0.017668093511302087,1.987391283164254
FOX,-0.013309890285315013,-0.012152249517792337,-0.3175814568735257
FOXA,-0.01540456033960392,-0.014246919572081245,-0.29443167437461926
FRT,0.013504597739605884,0.015194438003968407,0.3915109775676522
FSLR,-0.006168273922695723,0.0021952716947108214,0.14515443142010886
FTNT,-0.02414372112029484,-0.015780175502888294,1.3725954087002483
FTV,0.023096693751017566,0.01757341196744315,0.3065606183737353
GD,0.003542876776899424,-0.0019804050066749893,0.13186193742717292
GDDY,-0.04997785841471383,-0.04161431279730729,-1.5349554947285458
GE,0.008121006101570486,0.002597724317996073,0.32537377929864564
GEHC,-0.010962501249946058,-0.01007051954793733,-0.5410930750945488
GEN,-0.038817345952803554,-0.030453800335397012,-0.48316006782724497
GEV,0.02168207094612747,0.016158789162553054,0.8868006855160667
GILD,0.025083020524734812,0.02597500222674354,0.10811180085912744
GIS,-0.003975003929664453,-0.005180491382653557,-0.937322268546237
GL,-0.004812993295770744,0.0008328703563901026,0.25102201260226686
GLW,0.062101974831799786,0.07046552044920633,2.1875207372602734
GM,0.01709350688552341,0.018932643412608745,0.5816359410708029
GNRC,0.005238239569346668,-0.000285042214227745,0.10986949767919464
GOOG,0.03392165800525966,0.03507929877278234,1.0327390075220642
GOOGL,0.033921168165569004,0.03507880893309168,1.055524919882928
GPC,0.0032719047095332286,0.0051110412366185635,-0.39407069120700117
GPN,-0.03243816095394514,-0.02679229730178429,-0.4712328100066513
GRMN,-0.06680748768458866,-0.06496835115750332,-0.15140311222062638
GS,0.02040605362766032,0.026051917279821167,0.5999763111320007
GWW,0.027596955537544432,0.02207367375397002,0.5639766108461426
HAL,0.03939913514743001,0.03932834750625596,0.8749466258081162
HAS,-0.016360447339905906,-0.01452131081282057,-0.20337755273394306
HBAN,0.024687117759006366,0.030332981411167213,0.031167036150049173
HCA,0.02022902122338437,0.0211210029253931,-0.11484309591765895
HD,-0.002502152222603252,-0.0006630156955179166,-0.5375079770654757
HIG,0.010992635874523838,0.016638499526684683,-0.0865814317162229
HII,0.0031393245645151085,-0.002383957219059305,-0.12460464833784796
HLT,0.028262718160016687,0.030101854687102022,0.2565909713435426
HON,0.004499087294287818,-0.0010241944892865956,-0.14818891724396613
HOOD,-0.00988598501131903,-0.0042401213591581844,-0.3116793019103609
HPE,-0.03721120922684251,-0.02884766360943597,1.7167844969291663
HPQ,-0.06587441225074149,-0.05751086663333495,-0.31673075976501963
HRL,-0.010256937578875832,-0.011462425031864936,-0.5674096183701056
HSIC,0.007744131563619176,0.008636113265627904,0.24284960650368528
HST,0.01488601738122822,0.016575857645590743,0.8163922072800073
HSY,0.010710434836473267,0.009504947383484163,-0.43558192985041466
HUBB,0.01129527493750049,0.005771993153926076,0.0719590901701146
HUM,-0.043490022907927736,-0.04259804120591901,0.6872961529780475
HWM,0.002222819145900413,-0.0033004626376740005,0.5990989946539261
IBKR,0.013694957922940032,0.019340821575100878,0.5621051970096657
IBM,0.054676528120203724,0.06304007373761027,0.052072406422541836
ICE,-0.027360566386588753,-0.021714702734427906,-1.0561512318189363
IDXX,-0.014360778911582975,-0.013468797209574246,-0.6557384501031502
IEX,0.013861474653891261,0.008338192870316848,0.4841473018813245
IFF,-0.004845867209056038,-0.007942837941717658,0.1614912851610851
INCY,0.016298407834760404,0.017190389536769133,0.5951754551592239
INTC,0.056679379154105446,0.065042924771512,3.622163363547227
INTU,-0.08974484485596895,-0.08138129923856241,-2.647416481253856
INVH,-0.0121581403191982,-0.010468300054835677,-0.27494812766211857
IP,-0.011989118972041298,-0.015086089704702918,-0.7633914179066337
IQV,-0.02800898156354451,-0.02711699986153578,0.01781532572056111
IR,0.007570855894043702,0.002047574110469289,-0.24832851702122638
IRM,-0.00490411261321401,-0.003214272348851488,0.395147479804679
ISRG,0.006182859353158528,0.007074841055167256,-0.6586924828952014
IT,-0.11321644053408751,-0.10485289491668097,-1.5810476719912046
ITW,-0.00039888038399395773,-0.005922162167568371,-0.16403207460493488
IVZ,0.004203367266893154,0.009849230919054,0.541687710790475
J,-0.026343407736296096,-0.03186668951987051,-0.6609339010666665
JBHT,0.04024902832986661,0.0347257465462922,1.2856562595709562
JBL,-0.0020624922600734432,0.0063010533573331015,0.6066914397271366
JCI,0.013202648995847518,0.007679367212273105,0.4099465721733693
JKHY,-0.0010224714604796193,0.004623392191681227,-0.4941636133432776
JNJ,0.024360250872798677,0.025252232574807406,0.6607995059249571
JPM,-0.0014447432895239314,0.0042011203626369144,0.08339117594055231
KDP,-0.0015285002685650473,-0.0027339877215541517,-0.40740330074018405
KEY,0.031669642876284404,0.03731550652844525,0.43952702467855154
KEYS,0.0054612775513467075,0.013824823168753251,1.2660690265249919
KHC,-0.007554507565492015,-0.008759995018481119,-0.4232879594126406
KIM,0.005501030764757124,0.007190871029119646,0.14842481058830947
KKR,-0.04914058928195992,-0.04349472562979907,-1.193868095973936
KLAC,0.04549746348257908,0.053861009099985625,1.8330818007117833
KMB,-0.017564092617898142,-0.018769580070887245,-0.6685764954074244
KMI,0.013585520792053923,0.013514733150879874,0.1628275319574491
KO,0.0030239444723423347,0.0018184570193532305,0.12910054079190844
KR,0.006126896198552698,0.004921408745563594,-0.7342537239036926
KVUE,-0.009979330470151643,-0.011184817923140748,-0.47716040023743234
L,0.017547775476576082,0.02319363912873693,0.1616529324520522
LDOS,-0.03782170787543475,-0.04334498965900916,-1.4389232934773974
LEN,-0.010642482211270973,-0.008803345684185638,-1.0856061819329084
LH,-0.02228912035983376,-0.02139713865782503,-0.158131773589127
LHX,0.02070506056238298,0.015181778778808568,-0.151517285761385
LII,0.041316702721235145,0.03579342093766073,-0.4710635026471046
LIN,0.006419941541480535,0.0033229708088189152,-0.017597342539070734
LITE,0.10134759597473524,0.10971114159214178,4.224507481674033
LLY,0.03244186504172558,0.03333384674373431,1.1117803255470138
LMT,0.004768864509699519,-0.0007544172738748944,0.18219013617027635
LNT,0.01859241319812441,0.007931777016753178,0.058920606076130234
LOW,0.007620052671519295,0.009459189198604629,-0.5701496069098558
LRCX,0.07050337524752019,0.07886692086492673,2.592550396251454
LULU,-0.025327346624534668,-0.023488210097449332,-1.413217568003615
LUV,0.06627886771716913,0.06075558593359472,0.8528407491499143
LVS,0.005557472660409952,0.007396609187495288,-0.5846115888656965
LYB,-0.022928301528266838,-0.026025272260928458,0.11195739503115398
LYV,-0.014471249246349911,-0.013313608478827236,0.11694096309774983
MA,-0.011872844394379389,-0.006226980742218543,-0.4586592449602513
MAA,-0.00016519955553266164,0.001524640708829861,-0.3612428465364665
MAR,0.02956573211984058,0.03140486864692592,0.5383376509369399
MAS,0.01308999592698132,0.007566714143406907,-0.018312156134138367
MCD,0.007873102740945841,0.009712239268031176,-0.5354014623157044
MCHP,0.02146061595251222,0.029824161569918767,0.4049061203230221
MCK,0.014143068305154693,0.015035050007163422,0.1311945529402152
MCO,-0.008271126821257963,-0.0026252631690971166,-0.43097278508311077
MDLZ,-0.008089544640173729,-0.009295032093162833,-0.3839816075158671
MDT,0.0030100017680763994,0.0039019834700851274,-0.44722415289309114
MET,-0.014373793484327933,-0.008727929832167088,0.2218686008441799
META,0.009221859815528607,0.010379500583051282,-0.6179257152516549
MGM,0.013612305107731659,0.015451441634816994,0.365211713946074
MKC,-0.0031209365941387104,-0.004326424047127814,-0.9263099453383589
MLM,0.023663669970844434,0.020566699238182815,-0.4029548776141448
MMM,-0.01231069884671191,-0.017833980630286322,-0.1981791947424947
MO,0.019677856664080534,0.01847236921109143,0.10494921246749563
MOS,-0.02731323265906588,-0.0304102033917275,-1.1392302442395987
MPC,-0.016994977656952747,-0.017065765298126794,1.0153370624840528
MPWR,0.023502167143369897,0.03186571276077644,0.9046925345081195
MRK,0.02542421530927789,0.02631619701128662,0.7388441924504247
MRNA,0.03506488065432257,0.0359568623563313,1.8427846280094407
MRSH,-0.019465492461497255,-0.013819628809336407,-0.5953059806156298
MRVL,-0.021048584370713757,-0.012685038753307213,2.2900351551999005
MS,0.01996738408182933,0.025613247733990176,0.7615570914364184
MSCI,0.014668243254364867,0.020314106906525714,-0.05766409814855946
MSFT,-0.07550871147622934,-0.0671451658588228,-1.0039587671101229
MSI,-0.019951253050898312,-0.011587707433491768,-0.4190427169583944
MTB,0.017033296814669214,0.02267916046683006,0.3779734153908678
MTD,-0.007262638540744866,-0.0063706568387361375,-0.21927342900648017
MU,0.0813183942645531,0.08968193988195965,4.672840768082861
NCLH,0.006520393034424078,0.008359529561509413,-0.8368255070477678
NDAQ,-0.025299905811104566,-0.01965404215894372,-0.5070856727955665
NDSN,0.014007406526487605,0.008484124742913192,0.3967637868598361
NEE,0.023941204082991514,0.01328056790162028,0.18138336354673357
NEM,0.002153602220149384,-0.0009433685125122358,0.4384833973073466
NFLX,-0.049594000671047245,-0.048436359903524566,-1.4219290066812251
NI,0.023433919110190805,0.012773282928819572,-0.04754450347475877
NKE,-0.004883226548014828,-0.0030440900209294927,-1.4534000875644584
NOC,0.0020875848659073315,-0.003435696917667082,-0.4863810453006111
NOW,-0.09382875480183021,-0.08546520918442367,-1.4423195591401279
NRG,0.02921655362741928,0.018555917446048044,-0.5077222438130857
NSC,0.0029860319024908755,-0.002537249881083538,0.0609755633525042
NTAP,-0.048236426477638684,-0.03987288086023214,0.8326217728412805
NTRS,0.0073378882097691655,0.012983751861930012,0.614422809054808
NUE,-0.017096795221006586,-0.020193765953668206,0.8570974599975864
NVDA,-0.007144921236741721,0.0012186243806648232,0.03177929998213725
NVR,0.008234394877380194,0.010073531404465529,-0.7630968277226151
NWS,-0.0367569872022998,-0.03559934643477712,-0.49792689131148554
NWSA,-0.034575995793732356,-0.03341835502620968,-0.44033900977162976
NXPI,0.03748848791783018,0.04585203353523672,0.5201016434496679
O,0.015330578299455019,0.01702041856381754,0.024394917531937718
ODFL,0.03449422455410981,0.0289709427705354,0.7213850728459921
OKE,0.004828486798186907,0.004757699157012858,0.17061347871394844
OMC,-0.0098433952924335,-0.008685754524910825,0.039630012921124884
ON,0.036189613209041335,0.04455315882644788,1.2880798289041586
ORCL,-0.08195498764162516,-0.07359144202421862,-1.6199726295001962
ORLY,-0.020243053780082114,-0.01840391725299678,-0.7453453537882548
OTIS,0.004760465729376216,-0.0007628160541981975,-0.6906138707461315
OXY,-0.02378579874212673,-0.023856586383300776,0.16553385691665187
PANW,-0.064386760346237,-0.056023214728830456,1.1976997426116087
PAYX,-0.05869029383650644,-0.06421357562008086,-0.8675341949049722
PCAR,0.01532473687658035,0.009801455093005937,0.31215507149294225
PCG,0.006803465547147025,-0.003857170634224209,0.0008202584149329091
PEG,0.010164045749952623,-0.0004965904314186108,-0.44185596320200754
PEP,0.017846198837995996,0.016640711385006893,-0.3446308847862283
PFE,-0.00875437495660962,-0.007862393254600891,-0.2165024354047144
PFG,0.016028162480199986,0.021674026132360833,0.6660147055501897
PG,0.005790473766780553,0.004584986313791449,-0.3761974137351291
PGR,0.003213506836590128,0.008859370488750974,-0.3231968697830347
PH,0.0074119889905169154,0.001888707206942502,0.3414394582352953
PHM,0.005349082412359804,0.007188218939445139,-0.23209003054438837
PKG,0.00045424424046545204,-0.0026427264921961677,0.0986869109422113
PLD,0.024107445082127577,0.0257972853464901,0.3951151695573148
PLTR,-0.0906954437942924,-0.08233189817688585,-1.1619104964676428
PM,0.004943785902433959,0.0037382984494448547,-0.06783587672124126
PNC,0.022824503814281288,0.028470367466442135,0.4140181040911389
PNR,0.019618996438160584,0.01409571465458617,-0.9821701666514377
PNW,0.013130331561611796,0.002469695380240562,0.06736177364609906
PODD,0.00016068156818414608,0.0010526632701928743,-1.783299835293133
PPG,0.020658509743469194,0.017561539010807575,-0.04635736203629426
PPL,0.003984468822708328,-0.006676167358662905,-0.29264654862110184
PRU,-0.010238096850869237,-0.00459223319870839,0.10847564536899494
PSA,-0.0009597233769068578,0.0007301168874556647,0.046446286025714476
PSKY,-0.025864988785714266,-0.02470734801819159,-0.79856968328597
PSX,-0.0093562390483732,-0.009427026689547249,0.8024268038121468
PTC,-0.06618063862043197,-0.05781709300302543,-1.4838522428098473
PWR,0.007908216610402585,0.002384934826828172,0.8972106688990126
PYPL,-0.10722561942074375,-0.10157975576858291,-1.198683043661577
QCOM,0.006159704407774284,0.014523250025180828,0.31907679083869056
RCL,-0.00034835003058287617,0.0014907864965024592,-0.4769190314694238
REG,0.012465957709126355,0.014155797973488878,-0.0200514219611051
REGN,-0.0038604759277027696,-0.0029684942256940415,0.0805461550489227
RF,0.019462249422834445,0.025108113074995293,0.2937397489628223
RJF,-0.0026225182738000307,0.0030233453783608155,-0.22434881560683265
RL,0.009549051382761936,0.011388187909847271,0.4622797730230115
RMD,-0.014684934692309347,-0.013792952990300618,-1.0366318647769224
ROK,0.030146150487082763,0.024622868703508348,0.5121498790325038
ROL,0.04531321964022772,0.03978993785665331,-0.9303117867287389
ROP,-0.06611772264775664,-0.0577541770303501,-1.2528255358539864
ROST,-0.009131335016851937,-0.007292198489766602,0.6814780561236565
RSG,0.0014969701955833193,-0.0040263115879910945,-0.4670093939133725
RTX,-0.004150565291370333,-0.009673847074944748,0.23783799811459033
RVTY,0.007732347412203245,0.008624329114211973,0.279944814520468
SBAC,-0.010754936187781056,-0.009065095923418533,-0.6431520312559676
SBUX,0.011898577481792846,0.013737714008878181,0.08411796009693061
SCHW,0.004321238979383969,0.009967102631544815,-0.13292123325326985
SHW,-0.006332912367294534,-0.009429883099956154,-0.4129073155227145
SJM,-0.010222709339130899,-0.011428196792120003,-0.21921751222039823
SLB,0.014634601490384173,0.014563813849210124,0.6011419689535742
SMCI,-0.052938243667213586,-0.04457469804980704,-1.4781272051695549
SNA,0.0074727633491904,0.0019494815656159866,0.25378398263005186
SNDK,0.23915984060895143,0.24752338622635797,8.543672979351536
SNPS,-0.025984180987575916,-0.01762063537016937,-1.089327414283
SO,0.005916782922661731,-0.004743853258709503,-0.2466166374323306
SOLV,-0.011509265159287253,-0.010617283457278524,-0.17972561488474126
SPG,0.010847989891090298,0.01253783015545282,0.4108603320443111
SPGI,-0.015704270738279374,-0.010058407086118527,-0.7821070306647895
SRE,0.023712499713156393,0.01305186353178516,0.04165447022875565
STE,-0.010848980250885185,-0.009956998548876456,-0.5145348828227505
STLD,0.0008710158661386942,-0.0022259548665229255,1.1433959683983212
STT,-0.00043724348981418317,0.005208620162346663,0.8722970640306997
STX,0.0719843069316023,0.08034785254900884,3.873854729910286
STZ,-2.8635654006359972e-05,-0.0012341231069954643,-0.8688610227016056
SW,-0.011526773957956758,-0.014623744690618378,-0.2352018540260498
SWK,-0.005951278034007174,-0.011474559817581588,0.3502804730428349
SWKS,-0.03628374176710101,-0.027920196149694466,-0.5243246681932539
SYF,-0.008180761875937376,-0.00253489822377653,-0.16835384564782344
SYK,-0.009798974058501813,-0.008906992356493084,-0.6079394131172663
SYY,0.009476496462030746,0.008271009009041642,-0.16545372020809865
T,-0.023000908991943035,-0.02184326822442036,-0.8740540330102061
TAP,-0.0082973507651163,-0.009502838218105405,-0.7693032305320975
TDG,0.0065985213872667816,0.0010752396036923682,-0.40730040803389295
TDY,0.0011060102560660526,0.009469555873472597,0.0019944167351075774
TECH,0.025970447672807855,0.026862429374816584,0.497282277108683
TEL,-0.007172584096715655,0.0011909615206908896,-0.29777833305442764
TER,0.0648675166661727,0.07323106228357924,2.4820554923867744
TFC,0.02735445644549522,0.03300032009765606,0.20608677808214718
TGT,-0.01836712102407591,-0.019572608477065014,0.33818117625451605
TJX,0.006442356169395062,0.008281492696480397,0.016246565707270844
TKO,0.019188669267289158,0.020346310034811833,0.024790265382131846
TMO,-0.01091738394771825,-0.010025402245709521,0.021265782940609518
TMUS,-0.012508840969305875,-0.0113512002017832,-0.879040196938354
TPL,0.029672228793897134,0.029601441152723087,0.4221400928749816
TPR,0.0007403911160786166,0.002579527643163952,0.301911562008723
TRGP,0.015650256833162596,0.015579469191988547,0.8475744377910527
TRMB,-0.04224285928686363,-0.03387931366945709,-1.3543804123758647
TROW,-0.004189729745346819,0.0014561339068140276,0.09068866971467468
TRV,-0.015205836096601049,-0.009559972444440203,0.27286051064372074
TSCO,-0.029527317888889886,-0.02768818136180455,-1.8436327227418579
TSLA,0.055916151358389246,0.057755287885474585,0.21489303860620707
TSN,0.016650179634184976,0.015444692181195872,-0.1880403275571902
TT,0.00790096990379663,0.002377688120222217,-0.04891242612510421
TTD,-0.02602002211555827,-0.024862381348035596,-3.8022883333054307
TTWO,-0.024211920525943023,-0.023054279758420348,-0.1630227384252836
TXN,0.02177492599560718,0.030138471613013723,0.9084728961699647
TXT,0.02249413662373815,0.016970854840163738,0.046225676000199105
TYL,-0.06403919052902717,-0.05567564491162062,-1.8522674792685214
UAL,0.025260132106207596,0.019736850322633184,0.5001811130284444
UBER,-0.03247952401749955,-0.038002805801073965,-0.828306447651175
UDR,0.009061719480454552,0.010751559744817075,-0.18857474923106182
UHS,-0.0009578502630233117,-6.586856101458349e-05,-0.5080667859306561
ULTA,-0.0022064187849316842,-0.0003672822578463489,-0.5016076093123618
UNH,0.00232132221047601,0.003213303912484738,1.0034554509988776
UNP,0.0040147239882777925,-0.0015085577952966209,0.3089895518415828
UPS,0.04342103254033242,0.03789775075675801,0.43108240341475323
URI,-0.006283713443795957,-0.01180699522737037,0.2642679727023601
USB,0.023789496457757145,0.029435360109917992,0.5632951111760126
V,-0.00524059344189622,0.00040527021026462613,-0.19465405048472448
VEEV,-0.08805735260497845,-0.08716537090296972,-1.2164977414183822
VICI,-0.010600300554292306,-0.008910460289929784,-0.7313319954865812
VLO,-0.0008291225812616312,-0.00089991022243568,1.4396172943026577
VLTO,-0.02476246911960348,-0.030285750903177894,-0.6566710404063835
VMC,0.021653652276965158,0.018556681544303538,-0.20534457979594328
VRSK,-0.03906460470822885,-0.044587886491803265,-1.124691332397462
VRSN,-0.037809383024514795,-0.029445837407108252,-0.33139207449192787
VRT,0.03585004552932246,0.030326763745748046,1.5811636159038125
VRTX,0.006815279533351391,0.007707261235360119,0.2633892991326674
VST,-0.015079446971639083,-0.025740083153010317,-0.9087225254287012
VTR,0.0087368966962273,0.010426736960589824,0.36971683649701437
VTRS,0.03122490139157044,0.032116883093579164,1.027910681403795
VZ,-0.010519033618102807,-0.009361392850580132,-0.2197207051216316
WAB,-0.004062790854904586,-0.009586072638479,0.4428532972077047
WAT,0.011619840832072808,0.012511822534081537,0.3710785494426597
WBD,0.06162156419842437,0.06277920496594705,1.532311820030149
WDAY,-0.08653386542975401,-0.07817031981234747,-1.3953884660527558
WDC,0.12190717090085466,0.13027071651826122,4.4174338485824185
WEC,0.017373821491154247,0.0067131853097830135,-0.1637608509281666
WELL,0.003166030799437449,0.004855871063799972,0.4245147995450567
WFC,0.01904900633653582,0.024694869988696667,0.006959053329654636
WM,0.005763797658857899,0.00024051587528348562,-0.2892470920841337
WMB,0.01783574336255143,0.017764955721377384,0.3418952940344104
WMT,0.023887902291036985,0.022682414838047883,-0.07880574360126158
WRB,0.006732474982582991,0.012378338634743836,-0.19671296575632918
WSM,-0.01334967672902084,-0.011510540201935504,-0.06007814515838518
WST,-0.007101366818025157,-0.006209385116016429,0.5666893239988604
WTW,-0.02479136067308207,-0.019145497020921224,-0.5649767316371632
WY,-0.004052167596114355,-0.002362327331751832,-0.4587679989012534
WYNN,0.001017485513272434,0.0028566220403577693,-0.4719080690168994
XEL,0.012259760217674621,0.0015991240363033878,-0.051665192469180825
XOM,0.0007819896806682923,0.0007112020394942436,0.3685700437793473
XYL,0.0005532232869799664,-0.004970058496594447,-0.6854999946547836
XYZ,-0.03882317190341247,-0.033177308251251626,-0.3135038369984533
YUM,0.03594683230242651,0.03778596882951185,0.033086382396483725
ZBH,-0.02060006688426359,-0.01970808518225486,-0.47500538684825955
ZBRA,-0.08438635990125906,-0.07602281428385252,-0.6679179704424136
ZTS,-0.012958277844118167,-0.012066296142109438,-1.8510604318068207
